Date,Sim Day,Phase,Agent,Team,Role,Tasks Completed,Tasks Failed,Tasks Queued,Tokens Used,Budget Spent,Key Outputs,Blockers,Learned Rules
"2026-03-11 22:59:23",3,3,"Dani","exec","CPO",0,0,0,37090,$0.30,"none","none","none"
"2026-03-11 22:59:23",3,3,"Priya","exec","Chief of Staff",0,0,0,53986,$0.36,"none","none","none"
"2026-03-11 22:59:23",3,3,"Reza","exec","CEO",1,0,0,92402,$0.86,"The human operator sent you a message. Respond directly and concisely as Reza (C","none","none"
"2026-03-11 22:59:23",3,3,"Paz","marketing","Revenue Tracker",0,0,0,0,$0.00,"none","none","none"
"2026-03-11 22:59:23",3,3,"Sol","marketing","Marketing Lead",0,0,0,182172,$1.50,"none","none","none"
"2026-03-11 22:59:23",3,3,"Theo","marketing","Copywriter",0,0,0,2604,$0.00,"none","none","none"
"2026-03-11 22:59:23",3,3,"Vera","marketing","Growth Agent",0,0,0,19690,$0.12,"none","none","none"
"2026-03-11 22:59:23",3,3,"Alex","ops","Finance Agent",0,0,0,18667,$0.34,"none","none","none"
"2026-03-11 22:59:23",3,3,"Cass","ops","Risk Agent",0,0,0,6788,$0.01,"none","none","none"
"2026-03-11 22:59:23",3,3,"Jordan","ops","Ops Manager",0,0,0,112313,$0.70,"none","none","none"
"2026-03-11 22:59:23",3,3,"Morgan","ops","Project Manager",0,0,0,0,$0.00,"none","none","none"
"2026-03-11 22:59:23",3,3,"Ren","ops","Scheduler",0,0,0,0,$0.00,"none","none","none"
"2026-03-11 22:59:23",3,3,"Marcus","strategy","Opportunity Analyst",0,0,0,131001,$0.86,"none","none","none"
"2026-03-11 22:59:23",3,3,"Nina","strategy","Customer Agent",0,0,0,80088,$0.73,"none","none","none"
"2026-03-11 22:59:23",3,3,"Zara","strategy","Market Intel",0,0,0,61355,$0.41,"none","none","none"
"2026-03-11 22:59:23",3,3,"Amir","tech","Tech PM",0,0,0,68465,$0.62,"none","none","none"
"2026-03-11 22:59:23",3,3,"Kai","tech","Engineer",0,0,0,331049,$14.49,"none","none","none"
"2026-03-11 22:59:23",3,3,"Lee","tech","Infra",0,0,0,19184,$0.15,"none","none","none"
"2026-03-11 22:59:23",3,3,"Sam","tech","QA",0,0,0,0,$0.00,"none","none","none"
